experiment,benchmark,split,category,samples,models,seeds,runs
RQ1 Long-Horizon Tasks,GAIA,official_subset,tool-augmented long horizon,2,4,3,28
RQ1 Long-Horizon Tasks,HotpotQA,official_subset,multi-hop reasoning,2,4,3,28
RQ1 Long-Horizon Tasks,MuSiQue,official_subset,compositional multi-hop reasoning,2,4,3,28
RQ2 Elephant Attention,HotpotQA,distractor_subset,multi-hop reasoning,2,3,5,55
RQ2 Elephant Attention,MuSiQue,distractor_subset,compositional multi-hop reasoning,2,2,4,42
RQ3 Seagull Memory,LoCoMo,official_subset,long-term conversational memory,2,3,5,60
RQ3 Seagull Memory,LongMemEval,official_subset,cross-session memory,4,3,5,102
RQ4 Budget Robustness,InfiniteBench,official_subset,long-context evaluation,2,2,4,42
RQ4 Budget Robustness,LongBench,official_subset,budgeted long-context evaluation,2,3,5,60
